ticker,date,latest_price,rolling_volatility_20,rsi_14,sma_20,sma_50
^AEX,2026-09-16 22:00:00,1100.800048828125,,,,
^DJI,2026-09-17 04:00:00,51808.2109375,,,,
^FCHI,2026-09-16 22:00:00,8186.93017578125,,,,
^FTSE,2026-09-16 23:00:00,10816.1396484375,,,,
^GDAXI,2026-09-16 22:00:00,25716.7109375,,,,
^GSPC,2026-09-17 04:00:00,7636.419921875,,,,
^HSI,2026-09-15 16:00:00,24713.779296875,,,,
^IBEX,2026-09-16 22:00:00,19831.80078125,,,,
^IXIC,2026-09-17 04:00:00,26395.384765625,,,,
^JKSE,2026-09-15 17:00:00,6436.85302734375,,,,
^KLSE,2026-09-14 16:00:00,1679.2099609375,,,,
^KS11,2026-09-15 15:00:00,6717.97021484375,,,,
^N100,2026-09-16 22:00:00,1899.27001953125,,,,
^N225,2026-09-15 15:00:00,63923.0,,,,
^NSEI,2026-09-15 18:30:00,23217.599609375,,,,
^NYA,2026-09-17 04:00:00,24112.544921875,,,,
^RUT,2026-09-17 04:00:00,2883.0751953125,,,,
^SSMI,2026-09-16 22:00:00,13947.3095703125,,,,
^STI,2026-09-15 16:00:00,5635.41015625,,,,
^STOXX50E,2026-09-16 22:00:00,6322.89990234375,,,,
^TWII,2026-09-15 16:00:00,45848.8984375,,,,
^VIX,2026-09-17 05:00:00,15.550000190734863,,,,
^XAX,2026-09-17 04:00:00,8645.0927734375,,,,
